,"Scenario","Auto","WAT","Walk","Passenger","Carpool","DAT","Schoolbus","VFH","Bicycle","RideShare","PAT","PET",,"Transit"
"2016 Baseline","Base",0.509439042,0.144315097,0.094210584,0.082741134,0.041122051,0.029442554,0.027673924,0.026954755,0.016494248,0.014476024,0.011624281,0.001506306,,0.186888238
"Business as usual","BAU",0.505869472,0.140918546,0.096797471,0.085515348,0.042181433,0.027897356,0.032622489,0.027043792,0.016266392,0.012358759,0.011102535,0.001426406,,0.181344843
"Sprawl","S1",0.52085085,0.132382883,0.092220831,0.082489081,0.042427989,0.028626103,0.034257443,0.026516691,0.015114794,0.012840227,0.010929366,0.001343742,,0.173282094
"Infill","S2",0.508717613,0.139024077,0.095970114,0.085837718,0.041736177,0.028247872,0.032542905,0.026906819,0.01594655,0.012516442,0.011146519,0.001407193,,0.179825661
"TOD (800m)","S3",0.504751006,0.144977634,0.096029008,0.085594645,0.041523094,0.027708212,0.030988319,0.026751012,0.016335456,0.012574874,0.011289144,0.001477596,,0.185452586
"TOD (500m)","S4",0.501157214,0.148237326,0.09679084,0.085556615,0.041559319,0.027276903,0.030421184,0.026917793,0.016612545,0.012613713,0.011353563,0.001502986,,0.188370778
"TOD (500m, DW)","S5",0.49944606,0.150313802,0.097107436,0.085629286,0.041468109,0.026995291,0.030024002,0.027012345,0.016679361,0.012427058,0.011367382,0.001529869,,0.190206344
"High-density only","S6",0.496134503,0.149614949,0.098589503,0.086471093,0.041917594,0.026834764,0.030801189,0.027449534,0.017247743,0.012154851,0.011260999,0.001523279,,0.189233991
,"S5_No Cars New Pop",0.39954244,0.188200566,0.121500528,0.067683816,0.073562151,0.019135919,0.031462392,0.04382921,0.025372069,0.009735854,0.01716378,0.002811275,,0.22731154
,"S6_No Cars New Pop",0.389835948,0.189867337,0.125419869,0.06231187,0.077941759,0.019319577,0.033542925,0.045560503,0.0271085,0.009689793,0.016737131,0.002664789,,0.228588834
,"S6_No New Cars Anyone",0.38944161,0.190092946,0.125625149,0.062754026,0.077119478,0.019565917,0.033475226,0.045525625,0.027341272,0.009719723,0.016675976,0.002663052,,0.228997891
